{
  "test_accuracy": 97.46835443037975,
  "class_correct": [
    13,
    11,
    28,
    5,
    1,
    8,
    1,
    10
  ],
  "class_total": [
    14,
    11,
    28,
    5,
    1,
    8,
    1,
    11
  ],
  "confusion_matrix": [
    [
      13,
      1,
      0,
      0,
      0,
      0,
      0,
      0
    ],
    [
      0,
      11,
      0,
      0,
      0,
      0,
      0,
      0
    ],
    [
      0,
      0,
      28,
      0,
      0,
      0,
      0,
      0
    ],
    [
      0,
      0,
      0,
      5,
      0,
      0,
      0,
      0
    ],
    [
      0,
      0,
      0,
      0,
      1,
      0,
      0,
      0
    ],
    [
      0,
      0,
      0,
      0,
      0,
      8,
      0,
      0
    ],
    [
      0,
      0,
      0,
      0,
      0,
      0,
      1,
      0
    ],
    [
      0,
      0,
      0,
      0,
      0,
      1,
      0,
      10
    ]
  ],
  "val_accuracy": 96.20253164556962,
  "best_epoch": 27,
  "parameters": 118536,
  "num_classes": 8,
  "class_names": [
    "notehead_filled",
    "notehead_hollow",
    "stem",
    "flag",
    "dot",
    "rest",
    "clef",
    "accidental"
  ],
  "input_dim": 3,
  "max_seq_len": 512,
  "padding": "repeat_last"
}